pdb_id,sequence,sequence_length,helix_residues,sheet_residues,coil_residue,helix%,sheet%,coil%
1lyp,GLRKRLRKFRNKIKEKLKKIGQKIQGLLPKLA,32,32,0,0,100.00,0.00,0.00
1myn,DCLSGRYKGPCAVWDNETCRRVCKEEGRSSGHCSPSLKCWCEGC,44,13,12,19,29.55,27.27,43.18
1s6w,GCRFCCNCCPNMSGCGVCCRF,21,0,6,15,0.00,28.57,71.43
2ap7-2ap8,IIGPVLGLVGSALGGLLKKI,20,18,0,2,90.00,0.00,10.00
2l3i,GIRCPKSWKCKAFKQRVLKRLLAMLRQHAF,30,17,0,13,56.67,0.00,43.33
2lt8,GFGCPGDAYQCSEHCRALGGGRTGGYCAGPWYLGHPTCTCSF,42,20,0,22,47.62,0.00,52.38
2mbd,GLPRKILCAIAKKKGKCKGPLKLVCKC,27,20,0,7,74.07,0.00,25.93
2mhw,GIGGVLLSAGKAALKGLAKVLAEKYAN,27,19,0,8,70.37,0.00,29.63
2mwt,KRFKKFFKKVKKSVKKRLKKIFKKPMVIGVTIPF,34,21,0,13,61.76,0.00,38.24
5j6v,DIFGAIWPLALGALKNLIK,19,15,0,4,78.95,0.00,21.05
5j6w-5j6t,KIFGAIWPLALGALKNLIK,19,14,0,5,73.68,0.00,26.32
5z1y,NLCASLRARHTIPQCRKFGRR,21,13,0,8,61.90,0.00,38.10
6dst-2mlt-2mw6-1bh1-6o4m,GIGAVLKVLTTGLPALISWIKRKRQQ,26,26,0,0,100.00,0.00,0.00
6hz2,GIGGKILSGLKTALKGAAKELASTYLH,27,20,0,7,74.07,0.00,25.93
6ry9,GRRKRKWLRRIGKGVKIIGGAALDHL,26,6,0,20,23.08,0.00,76.92
6rzc,GWGSIFKHGRHAAKHIGHAAVNHYL,25,0,0,25,0.00,0.00,100.00
1dum,GIGKYLHSAKKFGKAWVGEIMNS,23,14,0,9,60.87,0.00,39.13
2b68,GFGCPGNQLKCNNHCKSISCRAGYCDAATLWLRCTCTDCNGKK,43,12,6,25,27.91,13.95,58.14
2l5r,GLKEIFKAGLGSLVKGIAAHVAS,23,22,0,1,95.65,0.00,4.35
2mag-2lsa,GIGKFLHSAKKFGKAFVGEIMNS,23,18,0,5,78.26,0.00,21.74
4mgp-5cgn,GIGKFLHAAKKFAKAFVAEIMNS,23,21,0,2,91.30,0.00,8.70
5xa6,GFGCPFNQGKCHRHCRSIRRRGGYCDGFLKQRCVCYRK,38,11,0,27,28.95,0.00,71.05
6e3y,ACDTATCVTHRLAGLLSRSGGVVKNNFVPTNVGSKAF,37,14,0,23,37.84,0.00,62.16
6g4i-6g4k-6g4u,FLPILASLAAKFGPKLFCLVTKKC,24,19,0,5,79.17,0.00,20.83
6rz1,FLGALIKGAIHGGRFIHGMIQNHH,24,0,0,24,0.00,0.00,100.00
1dfn,DCYCRIPACIAGERRYGTCIYQGRLWAFCC,30,0,18,12,0.00,60.00,40.00
1ica,ATCDLLSGTGINHSACAAHCLLRGNRGGYCNGKGVCVCRN,40,12,4,24,30.00,10.00,60.00
1l4v,ATCDLLSGTGINHSACAAHCLLRGNRGGYCNGKAVCVCRN,40,13,10,17,32.50,25.00,42.50
1z6w-1z6v,GRRRRSVQWCAVSQPEATKCFQWQRNMRKVRGPPVSCIKRDSPIQCIQA,49,22,0,27,44.90,0.00,55.10
2e3g,ATCDLASKWNWNHTLCAAHCIARRYRGGYCNSKAVCVCRN,40,14,8,18,35.00,20.00,45.00
2kj7,KCNTATCATQRLANFLVRSSNNLGPVLPPTNVGSNTY,37,21,0,16,56.76,0.00,43.24
2kux,GTPCGESCVYIPCISGVIGCSCTDKVCYLN,30,6,13,11,20.00,43.33,36.67
2leu-1cw6-3leu,KYYGNGVHCTKSGCSVNWGEAFSAGVHRLANGGNGFW,37,15,11,11,40.54,29.73,29.73
2ljq,KYYGNGVHSTKSGSSVNWGEAFSAGVHRLANGGNGFW,37,24,0,13,64.86,0.00,35.14
2ljt,KYYGNGVHLTKSGLSVNWGEAFSAGVHRLANGGNGFW,37,26,0,11,70.27,0.00,29.73
2lld,ATCDLLSGTGVKHSACAAHCLLRGNRGGYCNGRAICVCRN,40,9,6,25,22.50,15.00,62.50
2mcw-2mcx-6pez,FIHHIFRGIVHAGRSIGRFLTG,22,22,0,0,100.00,0.00,0.00
2ny8,ATCDLASGFGVGSSLCAAHCIARRYRGGYCNSKAVCVCRN,40,9,4,27,22.50,10.00,67.50
2nz3,ATCDLASIFNVNHALCAAHCIARRYRGGYCNSKAVCVCRN,40,11,6,23,27.50,15.00,57.50
3e7u-3e7r-1zfu,GFGCNGPWDEDDMQCHNHCKSIKGYKGGYCAKGGFVCKCY,40,12,10,18,30.00,25.00,45.00
3go0-3gny-3hjd-2kht,ACYCRIPACIAGERRYGTCIYQGRLWAFCC,30,0,18,12,0.00,60.00,40.00
3h6c,ACYCRIPACIAGERRYGTCIYAGRLWAFCC,30,0,19,11,0.00,63.33,36.67
3hj2,CGGACYCRIPACIAGERRYGTCIYQGRLWAFCC,33,0,18,15,0.00,54.55,45.45
3lvx,ACYCRAPACIAGERRYGTCIYQGRLWAFCC,30,0,18,12,0.00,60.00,40.00
4du0,ACYCRIPACIAGERRYATCIYQGRLWAFCC,30,0,18,12,0.00,60.00,40.00
4lbb,ACYCRIPACIAGERRYGTCAYQGRLWAFCC,30,0,18,12,0.00,60.00,40.00
6k50,GFGCNGPWNEDDLRCHNHCKSIKGYKGGYCAKGGFVCKCY,40,14,6,20,35.00,15.00,50.00
6k51,GFGCNGPWQEDDLKCHNHCKSIKGYKGGYCAKGGFVCKCY,40,11,6,23,27.50,15.00,57.50
6ryq,WLRRIGKGVKIIGGAALDHL,20,6,0,14,30.00,0.00,70.00
6s2d,GKGRWLERIGKAGFIIIGGALDHL,24,6,0,18,25.00,0.00,75.00
1kj5-1e4s-1ijv-1iju,DHYNCVSSGGQCLYSACPIFTKIQGTCYRGKAKCCK,36,8,12,16,22.22,33.33,44.44
1zrx,RGFRKHFNKLVKKVKHTISETAHVAKDTAVIAGSGAAVVAAT,42,40,0,2,95.24,0.00,4.76
2g9l,GILDTLKQFAKGVGKDLVKGAAQGVLSTVSCKLAKTC,37,17,0,20,45.95,0.00,54.05
2g9p,GLFGKLIKKFGRKAISYAVKKARGKH,26,22,0,4,84.62,0.00,15.38
2k98,GIGKFLKKAKKGIGAVLKVLTTGL,24,22,0,2,91.67,0.00,8.33
2l36,GIGKALKKAKKGIGAVLKVLTTGL,24,22,0,2,91.67,0.00,8.33
2m8v,ADRGWIKTLTKDCPNVISSICAGTIITACKNCA,33,0,0,33,0.00,0.00,100.00
2ncx,GLNALKKVFQGIHEAIKLINNHVQ,24,22,0,2,91.67,0.00,8.33
2ncy,GLNALKKVFQPIHEAIKLINNHVQ,24,21,0,3,87.50,0.00,12.50
2nlb,DHYACVSSGGQCLYSACPIFTKIQGTCYRGKAKCCK,36,8,12,16,22.22,33.33,44.44
2nlc,DHYNCVSAGGQCLYSACPIFTKIQGTCYRGKAKCCK,36,8,12,16,22.22,33.33,44.44
2nld,DHYNCVSSGGACLYSACPIFTKIQGTCYRGKAKCCK,36,8,12,16,22.22,33.33,44.44
2nlh,DHYNCVSSGGQCLYSACPIFTKIAGTCYRGKAKCCK,36,8,12,16,22.22,33.33,44.44
2nlp,DHYNCVSSGGQCLYSACPIFTKIEGTCYRGKAKCCK,36,8,12,16,22.22,33.33,44.44
5gwg,LRVRRTLQCSCRRVCRNTCSCIRLSRSTYAS,31,0,10,21,0.00,32.26,67.74
5lwc,MAGLLRFLLSKGRALYNWAKSHVGKVWEWLKSGATYEQIKEWIENALGWR,50,49,0,1,98.00,0.00,2.00
5ujr,WGWKEVVQNGQTIFSAGQKLGNMVGKIVPLPFG,33,26,0,7,78.79,0.00,21.21
6c41,VFQFLGKIIHHVGNFVHGFSHVF,23,23,0,0,100.00,0.00,0.00
6cl3,IWLTALKFLGKNLGKLAKQQLAKL,24,24,0,0,100.00,0.00,0.00
6fs4,TKLTEEEKNRLNFLKKISQRYQKFALPQYLK,31,18,0,13,58.06,0.00,41.94
6g4x-6g4v,FLPILASLAAKFGPKLFSLVTKKS,24,20,0,4,83.33,0.00,16.67
6r95-6r96,FLPILASLAAKFGPKLFALVTKKA,24,22,0,2,91.67,0.00,8.33
6rsf,GWGSFFRRAAHVGRHVGRAALTHYL,25,5,0,20,20.00,0.00,80.00
1f0d-1d9j,KWKLFKKIGIGKFLHSAKKF,20,12,0,8,60.00,0.00,40.00
1i2u,DKLIGSCVWGAVNYTSDCNGECKRRGYKGGHCGSFANVNCWCET,44,9,12,23,20.45,27.27,52.27
1i2v,DKLIGSCVWGAVNYTSDCNGECLLRGYKGGHCGSFANVNCWCET,44,9,12,23,20.45,27.27,52.27
1p00,DKLIGSCVWGAVNYTSNCRAECKRRGYKGGHCGSFANVNCWCET,44,9,12,23,20.45,27.27,52.27
1p0a,DKLIGSCVWGAVNYTSNCNAECKRRGYKGGHCGSFLNVNCWCET,44,9,12,23,20.45,27.27,52.27
2amn,RVKRVWPLVIRTVIAGYNLYRAIKKK,26,17,0,9,65.38,0.00,34.62
2gl1,KTCENLANTYRGPCFTTGSCDDHCKNKEHLRSGRCRDDFRCWCTRNC,47,12,15,20,25.53,31.91,42.55
2l2r,GSGRGSCRSQCMRRHEDEPWRVQECVSQCRRRRGGGD,37,22,0,15,59.46,0.00,40.54
2lj7,KTCENLSDSFKGPCIPDGNCNKHCKEKEHLLSGRCRDDFRCWCTRNC,47,9,15,23,19.15,31.91,48.94
2lr3,RTCESQSHKFKGPCASDHNCASVCQTERFSGGRCRGFRRRCFCTTHC,47,13,15,19,27.66,31.91,40.43
2mmm,GGLKKLGKKLEGAGKRVFKASEKALPVVVGIKAIGK,36,34,0,2,94.44,0.00,5.56
3psm,KTCENLADTFRGPCFTDGSCDDHCKNKEHLIKGRCRDDFRCWCTRNC,47,12,15,20,25.53,31.91,42.55
5u9y-5ua8-5u9s,GVVDILKGAAKDIAGHLASKVMNKL,25,25,0,0,100.00,0.00,0.00
5ua7-5u9x-5u9r,GVVDILKGAAKDIAGHLASKVMN,23,23,0,0,100.00,0.00,0.00
5ukz,KYYGNGVTCGKHSCSVDWGKATTCIINNGALAWATGGHQGNHKC,44,15,6,23,34.09,13.64,52.27
6duu,FLPIIINLKALAALAKKIL,19,17,0,2,89.47,0.00,10.53
6nom,KTCENLSGTFKGPCIPDGNCNKHCRNNEHLLSGRCRDDFRCWCTNRC,47,9,8,30,19.15,17.02,63.83
6o8j,AGKETIRQYLKNEIKKKGRKAVIAW,25,6,0,19,24.00,0.00,76.00
6o8p,AGKEKIRKKLKNEIKKKGRKAVIAW,25,0,0,25,0.00,0.00,100.00
6o8r,AWKEKIRKKLKNEIKKKGRKAVIAW,25,5,0,20,20.00,0.00,80.00
6o8s,AGKEKIRKKLKNEIKKKWRKAVIAW,25,0,0,25,0.00,0.00,100.00
6o8t,AWKEKIRKKLKNEIKKKWRKAVIAW,25,5,0,20,20.00,0.00,80.00
6vpn,KTCENLADTYKGPCFTTGSCDDHCKNKEHLRSGRCRDDFRCWCTKNC,47,12,15,20,25.53,31.91,42.55
7c2p,RTCESQSHKFKGPCLRASNCANVCKTEGFHGGKCRGFRRRCFCTKHC,47,11,17,19,23.40,36.17,40.43
1bk8,LCNERPSQTWSGNCGNTAHCDKQCQDWEKASHGACHKRENHWKCFCYFNC,50,11,18,21,22.00,36.00,42.00
1cix,YSRCQLQGFNCVVRSYGLPTIPCCRGLTCRSYFPGSTYGRCQRY,44,0,11,33,0.00,25.00,75.00
1e4q,PVTCLKSGAICHPVFCPRRYKQIGTCGLPGTKCCKKP,37,0,20,17,0.00,54.05,45.95
1f0g-1d9p,KLKLFKKIGIGKFLHSAKKF,20,17,0,3,85.00,0.00,15.00
1f0h-1d9o,KAKLFKKIGIGKFLHSAKKF,20,11,0,9,55.00,0.00,45.00
1fqq-1fd4-1fd3-6cs9,GIGDPVTCLKSGAICHPVFCPRRYKQIGTCGLPGTKCCKKP,41,8,16,17,19.51,39.02,41.46
1jkz,KTCEHLADTYRGVCFTNASCDDHCKNKAHLISGTCHNWKCFCTQNC,46,13,17,16,28.26,36.96,34.78
1zmm,VCSCRLVFCRRTELRVGNCLIGGVSFTYCCTRV,33,0,19,14,0.00,57.58,42.42
2gdl,LVQRGRFGRFLRKIRRFRPKVTITIQGSARF,31,16,0,15,51.61,0.00,48.39
2jpy,FLSLIPHAINAVSTLVHHF,19,16,0,3,84.21,0.00,15.79
2jq1,FLSLIPHAINAVSALANHG,19,13,0,6,68.42,0.00,31.58
2k6o-5nnk-5nmn-5nnm-5nnt,LLGDFFRKSKEKIGKEFKRIVQRIKDFLRNLVPRTES,37,32,0,5,86.49,0.00,13.51
2k7g,GVPICGETCTLGTCYTAGCSCSWPVCTRN,29,3,15,11,10.34,51.72,37.93
2la2,RWKIFKKIEKVGRNVRDGIIKAGPAVAVVGQAATVVK,37,34,0,3,91.89,0.00,8.11
2lxo,GIINTLQKYYCRVRGAICHPVFCPRRYKQIGTCGLPGTKCCKKP,44,0,0,44,0.00,0.00,100.00
3ngg,KDRPKKPGLCPPRPQKPCVKECKNDDSCPGQQKCCNYGCKDECRDPIFVG,50,5,8,37,10.00,16.00,74.00
5khb,MGIIAGIIKVIKSLIEQFTGK,21,14,0,7,66.67,0.00,33.33
5lcs,QPFIPRPIDTCRLRNGICFPGICRRPYYWIGTCNNGIGSCCARGWRS,47,3,16,28,6.38,34.04,59.57
5u9q-5ua6-5u9v,GVVDILKGAAKDIAGHLASKVM,22,22,0,0,100.00,0.00,0.00
6b9w,GSACQFWSCNSSCISRGYRQGYCWGIQYKYCQCQ,34,11,4,19,32.35,11.76,55.88
6bam,GSACQFWSCNSSCISRGYRQGKCWGIQYKYCQCQ,34,10,6,18,29.41,17.65,52.94
6bb6,GMACQFWSCNSSCISRGYRQGKCWGIQYKYCQCY,34,13,4,17,38.24,11.76,50.00
6bi5,GMACQFWSCNSSCISRGYRQGKCWGKYCQCY,31,13,6,12,41.94,19.35,38.71
6dhr,GLPICGETCLLGKCYTPGCSCRRPVCYKN,29,0,6,23,0.00,20.69,79.31
6dmq,VCSCRLVFCRRTELRVGNCLIGGVSFAYCCTRV,33,0,21,12,0.00,63.64,36.36
1kj6,GIINTLQKYYCRVRGGRCAVLSCLPKEEQIGKCSTRGRKCCRRKK,45,7,13,25,15.56,28.89,55.56
2mmj,GLFGVLAKVAGHVVGAIAEHF,21,19,0,2,90.48,0.00,9.52
2mn8-2mn9,GLFGVLAKVAAHGVGAIAEHF,21,18,0,3,85.71,0.00,14.29
2pm4,DCYCRIPACIAGEKKYGTCIYQGKLWAFCC,30,0,17,13,0.00,56.67,43.33
6dmm,VCSCRLVFCRRTELRVGNCLIGAVSFTYCCTRV,33,0,21,12,0.00,63.64,36.36
1cz6,RSVCRQIKICRRRGGCYYKCTNRPY,25,0,8,17,0.00,32.00,68.00
1fry,RGLRRLGRKIAHGVKKYGPTVLRIIRIAG,29,0,0,29,0.00,0.00,100.00
1lfc,FKCRRWQWRMKKLGAPSITCVRRAF,25,0,6,19,0.00,24.00,76.00
1ohm,KYYGNGVHCGKHSCTVDWGTAIGCIGNNAAANWATGGNAGWNKC,44,16,0,28,36.36,0.00,63.64
1x22,GKIPVKAIKKAGAAIGKGLRAINIASTAHDVYSFFKPKHKKK,42,33,0,9,78.57,0.00,21.43
1xc0-2kns,GFFALIPKIISSPLFKTLLSAVGSALSSSGGQE,33,27,0,6,81.82,0.00,18.18
1ytr,KSSAYSLQMGATAIKQVKKLFKKWGW,26,12,0,14,46.15,0.00,53.85
2b5k,RRWCFRVCYRGRFCYRKCR,19,0,4,15,0.00,21.05,78.95
2dcv,YVSCLFRGARCRVYSGRSCCFGYYCRRDFPGSIFGTCSRRNF,42,0,14,28,0.00,33.33,66.67
2dcw,YITCLFRGARCRVYSGRSCCFGYYCRRDFPGSIFGTCSRRNF,42,0,14,28,0.00,33.33,66.67
2jq0,FLSLIPHAINAVSAIAKHN,19,16,0,3,84.21,0.00,15.79
2jr8,GKIPVKAIKQAGKVIGKGLRAINIAGTTHDVVSFFRPKKKKH,42,33,0,9,78.57,0.00,21.43
2k38,GFGALFKFLAKKVAKTVAKQAAKQGAKYVVNKQME,35,12,0,23,34.29,0.00,65.71
2l1q,MTPFWRGVSLRPIGASCRDDSECITRLCRKRRCSLSVAQE,40,4,4,32,10.00,10.00,80.00
2lam,GLPTCGETCTLGTCYVPDCSCSWPICMKN,29,0,6,23,0.00,20.69,79.31
2m9o,GLPVCGETCTLGTCYTQGCTCSWPICKRN,29,0,8,21,0.00,27.59,72.41
4gv5-1z99-1h5o,YKQCHKKGGHCFPKEKICLPPSSDFGKMDCRWRWKCCKKGSG,42,11,10,21,26.19,23.81,50.00
5id5-5i4g,SKCRQWQSKIRRTNPIFCIRRASPT,25,19,0,6,76.00,0.00,24.00
5v0y,GFCWYVCVYRNGVRVCYRRCN,21,0,14,7,0.00,66.67,33.33
5v11,GFCWYVCARRNGARVCYRRCN,21,0,16,5,0.00,76.19,23.81
5x3l,GLGSVFGRLARILGRVIPKV,20,9,0,11,45.00,0.00,55.00
5y0h,GFAWNVCVYRNGVRVCHRRAN,21,0,13,8,0.00,61.90,38.10
5y0i,GFCWNVCVYRNGVRVCHRRCN,21,0,18,3,0.00,85.71,14.29
5y0j,AFCWNVCVYRNAVRVCHRRCN,21,0,16,5,0.00,76.19,23.81
7c31,RVCESQSHKFEGACMGDHNCALVCRNEGFSGGKCKGLRRRCFCTKLC,47,12,17,18,25.53,36.17,38.30
1cw5,VNYGNGVSCSKTKCSVNWGQAFQERYTAGINSFVSGVASGAGSIGRRP,48,26,0,22,54.17,0.00,45.83
1fjn,GFGCPNNYQCHRHCKSIPGRCGGYCGGWHRLRCTCYRCG,39,12,8,19,30.77,20.51,48.72
1ib9-1ha9,SGSDGGVCPKILKKCRRDSDCPGACICRGNGYCG,34,5,4,25,14.71,11.76,73.53
1iyc,ELPKLPDDKVLIRSRSNCPKGKVWNGFDCKSPFAFS,36,5,6,25,13.89,16.67,69.44
1jmn,KSCCPNTTGRNIYNTCRFGGGSRQVCASLSGCKIISASTCPSDYPK,46,22,4,20,47.83,8.70,43.48
1jmp,KSCCPNTTGRNIYNTCRLGGGSRERCASLSGCKIISASTCPSDYPK,46,23,0,23,50.00,0.00,50.00
1ohn-1og7,KYYGNGVHCGKHSCTVDWGTAIGNIGNNAAANWATGGNAGWNK,43,16,5,22,37.21,11.63,51.16
1okh-1ed0,KSCCPNTTGRNIYNACRLTGAPRPTCAKLSGCKIISGSTCPSDYPK,46,24,4,18,52.17,8.70,39.13
2a2b,ARSYGNGVYCNNKKCWVNRGEATQSIIGGMISGWASGLAGM,41,21,0,20,51.22,0.00,48.78
2fcg,IGKEFKRIVQRIKDFLRNLVPRTES,25,16,0,9,64.00,0.00,36.00
2it8,GVCPKILKKCRRDSDCPGACICRGNGYCG,29,5,4,20,17.24,13.79,68.97
2l96,KKLKLAPAKLALLWKALALKLKKA,24,11,0,13,45.83,0.00,54.17
2l99,KKLKLALAKPALLWKALALKLKKA,24,12,0,12,50.00,0.00,50.00
2l9a,KKLKLALAKLAPLWKALALKLKKA,24,11,0,13,45.83,0.00,54.17
2lb7,AQRCGDQARGAKCPNCLCCGKYGFCGSGDAYCGAGSCQSQCRGC,44,11,11,22,25.00,25.00,50.00
2lmf,LLGDFFRKSKEKIGKEFKRIVQR,23,21,0,2,91.30,0.00,8.70
2n1c-2n30,FEDLPNFGHIQVKVFNHGEHIHH,23,16,0,7,69.57,0.00,30.43
2n4k,KYYGNGVSCNKKGCSVDWGKAIGIIGNNAAANLTTGGKAGWKG,43,15,0,28,34.88,0.00,65.12
2po8,CPKILKKCRRDSDCPGACICRGNGYCGSGSDGGV,34,8,6,20,23.53,17.65,58.82
2v9b,KSCCPNTTGRDIYNTCRLGGGSRERCASLSGCKIISASTCPSDYPK,46,24,4,18,52.17,8.70,39.13
3c8p,KSCCPSTTGRNIYNTCRLTGSSRETCAKLSGCKIISASTCPSNYPK,46,23,2,21,50.00,4.35,45.65
4qae-2kef-1m4f-6wbv,DTHFPICIFCCGCCHRSKCGMCCKT,25,0,10,15,0.00,40.00,60.00
5wov,GGVCPKILQRCRRDSDCPGACICRGNGYCGSGSD,34,11,0,23,32.35,0.00,67.65
5wow,GGVCPKILQRCRRDSDCPGACICRGNGYCGYPYDVPDYA,39,0,0,39,0.00,0.00,100.00
6kra,RRTCRCRFGRCFRRESYSGSCNINGRIFSLCCR,33,0,19,14,0.00,57.58,42.42
1jau-1jav,KWASLWNWFNITNWLWYIK,19,16,0,3,84.21,0.00,15.79
1pt4-2kch,CGETCFGGTCNTPGCSCTWPICTRDGLPV,29,0,8,21,0.00,27.59,72.41
1q71-1pp5,GGAGHVPEYFVGIGTPISFYG,21,0,4,17,0.00,19.05,80.95
1u0i,EIAALEKEIAALEKEIAALEK,21,21,0,0,100.00,0.00,0.00
1ut3,SFGLCRLRRGFCARGRCRFPSIPIGRCSRFVQCCRRVW,38,0,14,24,0.00,36.84,63.16
1xv3,HSSGYTRPLRKPSRPIFIRPIGCDVCYGIPSSTARLCCFRYGDCCHL,47,11,0,36,23.40,0.00,76.60
2i2j,SGSLSTFFRLFNRSFTQALGK,21,17,0,4,80.95,0.00,19.05
2igr,KWKVFKKIEKKWKVFKKIEKAGPKWKVFKKIEK,33,31,0,2,93.94,0.00,6.06
2jpk-2jpm,KKWGWLAWVDPAYEFIKGFGKGAIKEGNKDKWKNI,35,22,0,13,62.86,0.00,37.14
2jpl-2jpj,GTWDDIGQGIGRVAYWVGKALGNLSDVNQASRINRKKKH,39,35,0,4,89.74,0.00,10.26
2jwm,CGETCTLGTCYTQGCTCSWPICKRNGLPV,29,0,6,23,0.00,20.69,79.31
2k1i,RRTCHCRSRCLRRESNSGSCNINGRIFSLCCR,32,0,19,13,0.00,59.38,40.63
2lg4,AACSDRAHGHICESFKSFCKDSGRNGVKLRANCKKTCGLC,40,18,0,22,45.00,0.00,55.00
2m6a,ADDRCERMCQRYHDRREKKQCMKGCRYG,28,22,0,6,78.57,0.00,21.43
2m9r-2m9s-2lmo-2lmp-2m4j,DAEFRHDSGYEVHHQKLVFFAEDVGSNKGAIIGLMVGGVV,40,0,6,34,0.00,15.00,85.00
2mfs,CVLIGQRCDNDRGPRCCSGQGNCVPLPFLGGVCAV,35,0,10,25,0.00,28.57,71.43
2n1e,VKVKVKVKVPPTKVKVKVKV,20,0,16,4,0.00,80.00,20.00
2n6m-5xdj,GIFSKLAGKKIKNLLISGLKG,21,21,0,0,100.00,0.00,0.00
2pv6,ELDKWASLWNWFNITNWLWYIK,22,21,0,1,95.45,0.00,4.55
3e4h,CGETCTLGTCYTAGCSCSWPVCTRNGVPI,29,0,6,23,0.00,20.69,79.31
5lm0,ADDRCYRMCQRYHDRREKKQCKEGCRYG,28,23,0,5,82.14,0.00,17.86
5nce,RMCKTPSGKFKGYCVNNTNCKNVCRTEGFPTGSCDFHVAGRKCYCYKPCP,50,13,17,20,26.00,34.00,40.00
5xol,GSKKPVPIIYCNAATGKCQRM,21,0,0,21,0.00,0.00,100.00
6r2x,FETLRGDERILSILRHQNLLKELQD,25,16,0,9,64.00,0.00,36.00
6wpo,GIGDILKNLAKAAGKAALHAVGESL,25,25,0,0,100.00,0.00,0.00
1bh4,CGESCVWIPCISAALGCSCKNKVCYRNGIP,30,6,0,24,20.00,0.00,80.00
1bnb,APLSCGRNGGVCIPIRCPVPMRQIGTCFGRPVKCCRSW,38,0,15,23,0.00,39.47,60.53
1kv4,AKIPIKAIKTVGKAVGKGLRAINIASTANDVFNFLKPKKRKA,42,32,0,10,76.19,0.00,23.81
1mm0,ACNFQSCWATCQAQHSIYFRRAFCDRSQCKCVFVRG,36,13,13,10,36.11,36.11,27.78
1pxq,NKGCATCSIGAACLVDGPIPDFEIAGATGLFGLWG,35,8,0,27,22.86,0.00,77.14
1tyk-1lu8,GCLEFWWKCNPNDDKCCRPKLKCSKLFKLCNFSF,34,0,8,26,0.00,23.53,76.47
1w9n,ASIVKTTIKAAKKLCRGFTLTCGCHFTGKK,30,0,0,30,0.00,0.00,100.00
1zrv-1zrw,HVDKKVADKVLLLKQLRIMRLLTRL,25,22,0,3,88.00,0.00,12.00
2eri,CGESCVFIPCISTLLGCSCKNKVCYRNGVIP,31,0,8,23,0.00,25.81,74.19
2fqa,SAISCGETCFKFKCYTPRCSCSYPVCK,27,0,9,18,0.00,33.33,66.67
2kus,SGPNGQCGPGWGGCRGGLCCSQYGYCGSGPKYCAH,35,6,4,25,17.14,11.43,71.43
2mij,GLGKAQCAALWLQCASGGTIGCGGGAVACQNYRQFCR,37,20,0,17,54.05,0.00,45.95
2nle,DHYNCVSSGGQCAYSACPIFTKIQGTCYRGKAKCCK,36,8,12,16,22.22,33.33,44.44
2nlg,DHYNCVSSGGQCLYSACPIFTEIQGTCYRGKAKCCK,36,8,12,16,22.22,33.33,44.44
2nlq,DHYNCVSSGGQCLYSACPIFTKIQGTCYRGAAKCCK,36,8,12,16,22.22,33.33,44.44
2nls,DHYNCVSSGGQCLYSACPIFTKIQGTCYRGEAKCCK,36,9,12,15,25.00,33.33,41.67
4lbf,ACYCRIPACIAGERRYGTCAYQGRAWAFCC,30,0,18,12,0.00,60.00,40.00
6wux,NLVSDIIGSKKHMEKLISIIKKCR,24,22,0,2,91.67,0.00,8.33
1avf,AVVKVPLKKFKSIRETMKEKGLLGEF,26,10,7,9,38.46,26.92,34.62
1dkc,AGCIKNGGRCNASAGPPYCCSSYCFQIAGQSYGVCKNR,38,0,13,25,0.00,34.21,65.79
1ot0-1p0j,AKKVFKRLEKLFSKIQNWK,19,16,0,3,84.21,0.00,15.79
1ozz,DKLIGSCVWGAVNYTSNCNAECKRRGYKGGHCGSFANVNCWCET,44,14,15,15,31.82,34.09,34.09
1p0g,AKKVFKRLEKLFSKIQNDK,19,13,0,6,68.42,0.00,31.58
1p0l,AKKVFKRLEKLFSKIWNDK,19,16,0,3,84.21,0.00,15.79
1p0o,AKKVFKRLEKLFSKIWNWK,19,16,0,3,84.21,0.00,15.79
1p5k,AKKVFKRLEKSFSKIQNDK,19,15,0,4,78.95,0.00,21.05
1p5l,AKKVSKRLEKLFSKIQNDK,19,14,0,5,73.68,0.00,26.32
1q3j,CIKNGNGCQPNGSQGNCCSGYCHKQPGWVAGYCRRK,36,0,8,28,0.00,22.22,77.78
1vb8,CAESCVWIPCTVTALLGCSCSNKVCYNGIP,30,5,0,25,16.67,0.00,83.33
1zmk-1zmh,CYCRIPACIAGERRYATCIYQGRLWAFCC,29,0,18,11,0.00,62.07,37.93
2jos-2ojm-2mcv-2mcu-6pf0,FFHHIFRGIVHVGKTIHRLVTG,22,21,0,1,95.45,0.00,4.55
2nao,DAEFRHDSGYEVHHQKLVFFAEDVGSNKGAIIGLMVGGVVIA,42,0,10,32,0.00,23.81,76.19
2ojn,FFHHIFRPIVHVGKTIHRLVTG,22,13,0,9,59.09,0.00,40.91
2ojo,FFHHIFRAIVHVAKTIHRLVTG,22,22,0,0,100.00,0.00,0.00
4ozk,ACQCPDAISGWTHTDYQCHGLENKMYRHVYAICMNGTQVYCRTEWGSSC,49,0,30,19,0.00,61.22,38.78
5kk4-5vyp,AKDCKRESNTFPGICITKPPCRKACIREKFTDGHCSKILRRCLCTKPC,48,12,15,21,25.00,31.25,43.75
5zv6,AGECVRGRCPGGLCCSKFGFCGSGPAYCGG,30,0,6,24,0.00,20.00,80.00
6b55,ARECKTESNTFPGICITKPPCRKACISEKFTDGHCSKILRRCLCTKPC,48,12,14,22,25.00,29.17,45.83
6lwy,ACQCPDAISGWTHTDYQCHGLEKKMYRHVYAICMNGSQVYCRTEWGSSC,49,0,29,20,0.00,59.18,40.82
6mry,ARQCKAESNTFTGICIAKPPCRQACIREKFTDGHCSKVLRRCLCTKRC,48,12,15,21,25.00,31.25,43.75
7kpd,AIPCGESCVYIPCISVVIGCSCRNKVCYR,29,5,11,13,17.24,37.93,44.83
2k10,GILSSFKGVAKGVAKDLAGKLLETLKCKITGC,32,28,0,4,87.50,0.00,12.50
2k9b-2jx6,GLWSKIKAAGKEAAKAAAKAAGKAALNAVSEAV,33,29,0,4,87.88,0.00,12.12
2ket,GRFKRFRKKFKKLFKKLSPVIPLLHL,26,23,0,3,88.46,0.00,11.54
2khg-2khf,GAWKNFWSSLRKGFYDGEAGRAIRR,25,20,0,5,80.00,0.00,20.00
2knm-2kcg-2knn,GIPCGESCVWIPCISSAIGCSCKSKVCYRN,30,7,9,14,23.33,30.00,46.67
2lr5,GFGCPFNENECHAHCLSIGRKFGFCAGPLRATCTCGKQ,38,12,8,18,31.58,21.05,47.37
2mn1,GLPVCGETCVGGTCNTPGCTCSWWPVCTRN,30,0,6,24,0.00,20.00,80.00
4ttm-2khb,GLPVCGETCVGGTCNTPGCTCSWPVCTRN,29,0,6,23,0.00,20.69,79.31
4ttn,GLPVCAETCVGGTCNTPGCTCSWPVCTRN,29,0,6,23,0.00,20.69,79.31
4tto,GLPVCGETCVGGTCNTPGCTCSWPACTRN,29,0,6,23,0.00,20.69,79.31
5cgo,GIGKFLHAAKKFGKAFVAEIMNS,23,21,0,2,91.30,0.00,8.70
5h2s,FIHHIIGGLFSAGKAIHRLIRRRRR,25,19,0,6,76.00,0.00,24.00
5xok,GSKKPVPIIACNRRTGKCQRA,21,0,8,13,0.00,38.10,61.90
1jjz-1k48,NGLPVCGETCVGGTCNTPGCTCSWPVCTR,29,0,0,29,0.00,0.00,100.00
2df0-2na5,IKPEAPGEDASPEELNRYYASLRHYLNLVTRQRY,34,16,0,18,47.06,0.00,52.94
2dtb-2kam-1dtc,MAQDIISTIGDLVKWIIDTVNKFTKK,26,23,0,3,88.46,0.00,11.54
2hfr,KRFWPLVPVAINTVAAGINLYKAIRRK,27,11,0,16,40.74,0.00,59.26
2lg5,LFCKGGSCHFGGCPSHLIKVGSCFGFRSCCKWPWNA,36,0,11,25,0.00,30.56,69.44
2lg6,LFCKGGSCHFGGCPSHLIKVGSCFGFRSCCAWPWNA,36,5,17,14,13.89,47.22,38.89
2ls9-1z64,GWGSFFKKAAHVGKHVGKAALTHYL,25,20,0,5,80.00,0.00,20.00
2rri-2rrh,HSDAVFTDNYTRLRKQMAVKKYLNSILNG,29,27,0,2,93.10,0.00,6.90
4aaz-4ab0-4cqk-1mr4,RECKTESNTFPGICITKPPCRKACISEKFTDGHCSKILRRCLCTKPC,47,12,15,20,25.53,31.91,42.55
5xo3-5xoa-6afq,GSKKPVPIIYCNRRTGKCQRF,21,0,8,13,0.00,38.10,61.90
5xo9-5xo4-6aab-8tfv,GSKKPVPIIYCNRRTGKCQRM,21,4,10,7,19.05,47.62,33.33
6rsg,GWGSFFKKAAHAGKHAGKAALTHYL,25,0,0,25,0.00,0.00,100.00
1lv4,SSMKLSFRARAYGFRGPGPQL,21,0,0,21,0.00,0.00,100.00
1mmc,VGECVRGRCPSGMCCSQFGYCGKGPKYCGR,30,6,3,21,20.00,10.00,70.00
1ti5,RTCMIKKEGWGKCLIDTTCAHSCKNRGYIGGNCKGMTRTCYCLVNC,46,17,15,14,36.96,32.61,30.43
1znt,VGECVRGRCPSGMCCSQFGFCGKGPKYCGR,30,6,4,20,20.00,13.33,66.67
1zuv,VGECVRGRCPSGMCCSQWGYCGKGPKYCGR,30,0,4,26,0.00,13.33,86.67
1zwu,VGECVRGRCPSGMCCSQAGYCGKGPKYCGR,30,6,7,17,20.00,23.33,56.67
2jni-2l8x,RWCVYAYVRIRGVLVRYRRCW,21,0,18,3,0.00,85.71,14.29
2jsb,RWCVYAYVRVRGVLVRYRRCW,21,0,18,3,0.00,85.71,14.29
2ln4,VTCDVLSFEAKGIAVNHSACALHCIALRKKGGSCQNGVCVCRN,43,12,10,21,27.91,23.26,48.84
2mdl,TCHIRRKPKFRKFKLYHEGKFWCP,24,0,0,24,0.00,0.00,100.00
2n92,SWLSKTAKKLENSAKKRISEGIAIAIQGGPR,31,16,0,15,51.61,0.00,48.39
2oon,YPAKPEAPGEDASAEELSRYYASLRHYLNLVTRQRY,36,16,0,20,44.44,0.00,55.56
2pco,SMWSGMWRRKLKKLRNALKKKLKGEK,26,18,0,8,69.23,0.00,30.77
2rlk-1qbf-1ru5-1ruu,YPAKPEAPGEDASPEELSRYYASLRHYLNLVTRQRY,36,20,0,16,55.56,0.00,44.44
5j6t,IFGAIWPLALGALKNLIK,18,18,0,0,100.00,0.00,0.00
5m9u,RWCVYAYRRVRGVLVRYRRCW,21,0,18,3,0.00,85.71,14.29
6dmz,RTCQSQSHRFRGPCLRRSNCANVCRTEGFPGGRCRGFRRRCFCTTHC,47,12,15,20,25.53,31.91,42.55
1f8p,YPSKPDNPGEDAPAEDLARYYSALRHYINLITRQRY,36,21,0,15,58.33,0.00,41.67
1fvn,YPSKPDNPGEDAPAEDLARYYSALRHYINLAARQRY,36,14,0,22,38.89,0.00,61.11
1icy,YPSKPDNPGEDAPAEDLARYYSALRHYINLAPRQRY,36,15,0,21,41.67,0.00,58.33
1ron,YPSKPDNPGEDAPAEDMARYYSALRHYINLITRQRY,36,26,0,10,72.22,0.00,27.78
1tz4,YPSKPDNPGEDAPAEDLAQYAADLRHYINLITRQRY,36,18,0,18,50.00,0.00,50.00
2dez,YPIKPEAPGEDASPEELNRYYASLRHYLNLVTRQRY,36,21,0,15,58.33,0.00,41.67
2oop,YPAKPEYPGEDASPEELSRYYASLRHYLNLVTRQRY,36,18,0,18,50.00,0.00,50.00
