pdb_id,sequence,sequence_length,helix_residues,sheet_residues,coil_residue,helix%,sheet%,coil%
1avf,AVVKVPLKKFKSIRETMKEKGLLGEF,26,10,7,9,38.46,26.92,34.62
1bh4,CGESCVWIPCISAALGCSCKNKVCYRNGIP,30,6,0,24,20,0,80
1bk8,LCNERPSQTWSGNCGNTAHCDKQCQDWEKASHGACHKRENHWKCFCYFNC,50,11,18,21,22,36,42
1bnb,APLSCGRNGGVCIPIRCPVPMRQIGTCFGRPVKCCRSW,38,0,15,23,0,39.47,60.53
1cix,YSRCQLQGFNCVVRSYGLPTIPCCRGLTCRSYFPGSTYGRCQRY,44,0,11,33,0,25,75
1cw5,VNYGNGVSCSKTKCSVNWGQAFQERYTAGINSFVSGVASGAGSIGRRP,48,26,0,22,54.17,0,45.83
1cz6,RSVCRQIKICRRRGGCYYKCTNRPY,25,0,8,17,0,32,68
1dfn,DCYCRIPACIAGERRYGTCIYQGRLWAFCC,30,0,18,12,0,60,40
1dkc,AGCIKNGGRCNASAGPPYCCSSYCFQIAGQSYGVCKNR,38,0,13,25,0,34.21,65.79
1dum,GIGKYLHSAKKFGKAWVGEIMNS,23,14,0,9,60.87,0,39.13
1e4q,PVTCLKSGAICHPVFCPRRYKQIGTCGLPGTKCCKKP,37,0,20,17,0,54.05,45.95
1f8p,YPSKPDNPGEDAPAEDLARYYSALRHYINLITRQRY,36,21,0,15,58.33,0,41.67
1fjn,GFGCPNNYQCHRHCKSIPGRCGGYCGGWHRLRCTCYRCG,39,12,8,19,30.77,20.51,48.72
1fry,RGLRRLGRKIAHGVKKYGPTVLRIIRIAG,29,0,0,29,0,0,100
1fvn,YPSKPDNPGEDAPAEDLARYYSALRHYINLAARQRY,36,14,0,22,38.89,0,61.11
1i2u,DKLIGSCVWGAVNYTSDCNGECKRRGYKGGHCGSFANVNCWCET,44,9,12,23,20.45,27.27,52.27
1i2v,DKLIGSCVWGAVNYTSDCNGECLLRGYKGGHCGSFANVNCWCET,44,9,12,23,20.45,27.27,52.27
1ica,ATCDLLSGTGINHSACAAHCLLRGNRGGYCNGKGVCVCRN,40,12,4,24,30,10,60
1icy,YPSKPDNPGEDAPAEDLARYYSALRHYINLAPRQRY,36,15,0,21,41.67,0,58.33
1iyc,ELPKLPDDKVLIRSRSNCPKGKVWNGFDCKSPFAFS,36,5,6,25,13.89,16.67,69.44
1jkz,KTCEHLADTYRGVCFTNASCDDHCKNKAHLISGTCHNWKCFCTQNC,46,13,17,16,28.26,36.96,34.78
1jmn,KSCCPNTTGRNIYNTCRFGGGSRQVCASLSGCKIISASTCPSDYPK,46,22,4,20,47.83,8.7,43.48
1jmp,KSCCPNTTGRNIYNTCRLGGGSRERCASLSGCKIISASTCPSDYPK,46,23,0,23,50,0,50
1kj6,GIINTLQKYYCRVRGGRCAVLSCLPKEEQIGKCSTRGRKCCRRKK,45,7,13,25,15.56,28.89,55.56
1kv4,AKIPIKAIKTVGKAVGKGLRAINIASTANDVFNFLKPKKRKA,42,32,0,10,76.19,0,23.81
1l4v,ATCDLLSGTGINHSACAAHCLLRGNRGGYCNGKAVCVCRN,40,13,10,17,32.5,25,42.5
1lfc,FKCRRWQWRMKKLGAPSITCVRRAF,25,0,6,19,0,24,76
1lv4,SSMKLSFRARAYGFRGPGPQL,21,0,0,21,0,0,100
1lyp,GLRKRLRKFRNKIKEKLKKIGQKIQGLLPKLA,32,32,0,0,100,0,0
1mm0,ACNFQSCWATCQAQHSIYFRRAFCDRSQCKCVFVRG,36,13,13,10,36.11,36.11,27.78
1mmc,VGECVRGRCPSGMCCSQFGYCGKGPKYCGR,30,6,3,21,20,10,70
1myn,DCLSGRYKGPCAVWDNETCRRVCKEEGRSSGHCSPSLKCWCEGC,44,13,12,19,29.55,27.27,43.18
1ohm,KYYGNGVHCGKHSCTVDWGTAIGCIGNNAAANWATGGNAGWNKC,44,16,0,28,36.36,0,63.64
1ozz,DKLIGSCVWGAVNYTSNCNAECKRRGYKGGHCGSFANVNCWCET,44,14,15,15,31.82,34.09,34.09
1p00,DKLIGSCVWGAVNYTSNCRAECKRRGYKGGHCGSFANVNCWCET,44,9,12,23,20.45,27.27,52.27
1p0a,DKLIGSCVWGAVNYTSNCNAECKRRGYKGGHCGSFLNVNCWCET,44,9,12,23,20.45,27.27,52.27
1p0g,AKKVFKRLEKLFSKIQNDK,19,13,0,6,68.42,0,31.58
1p0l,AKKVFKRLEKLFSKIWNDK,19,16,0,3,84.21,0,15.79
1p0o,AKKVFKRLEKLFSKIWNWK,19,16,0,3,84.21,0,15.79
1p5k,AKKVFKRLEKSFSKIQNDK,19,15,0,4,78.95,0,21.05
1p5l,AKKVSKRLEKLFSKIQNDK,19,14,0,5,73.68,0,26.32
1pxq,NKGCATCSIGAACLVDGPIPDFEIAGATGLFGLWG,35,8,0,27,22.86,0,77.14
1q3j,CIKNGNGCQPNGSQGNCCSGYCHKQPGWVAGYCRRK,36,0,8,28,0,22.22,77.78
1ron,YPSKPDNPGEDAPAEDMARYYSALRHYINLITRQRY,36,26,0,10,72.22,0,27.78
1s6w,GCRFCCNCCPNMSGCGVCCRF,21,0,6,15,0,28.57,71.43
1ti5,RTCMIKKEGWGKCLIDTTCAHSCKNRGYIGGNCKGMTRTCYCLVNC,46,17,15,14,36.96,32.61,30.43
1tz4,YPSKPDNPGEDAPAEDLAQYAADLRHYINLITRQRY,36,18,0,18,50,0,50
1u0i,EIAALEKEIAALEKEIAALEK,21,21,0,0,100,0,0
1ut3,SFGLCRLRRGFCARGRCRFPSIPIGRCSRFVQCCRRVW,38,0,14,24,0,36.84,63.16
1vb8,CAESCVWIPCTVTALLGCSCSNKVCYNGIP,30,5,0,25,16.67,0,83.33
1w9n,ASIVKTTIKAAKKLCRGFTLTCGCHFTGKK,30,0,0,30,0,0,100
1x22,GKIPVKAIKKAGAAIGKGLRAINIASTAHDVYSFFKPKHKKK,42,33,0,9,78.57,0,21.43
1xv3,HSSGYTRPLRKPSRPIFIRPIGCDVCYGIPSSTARLCCFRYGDCCHL,47,11,0,36,23.4,0,76.6
1ytr,KSSAYSLQMGATAIKQVKKLFKKWGW,26,12,0,14,46.15,0,53.85
1zmm,VCSCRLVFCRRTELRVGNCLIGGVSFTYCCTRV,33,0,19,14,0,57.58,42.42
1znt,VGECVRGRCPSGMCCSQFGFCGKGPKYCGR,30,6,4,20,20,13.33,66.67
1zrx,RGFRKHFNKLVKKVKHTISETAHVAKDTAVIAGSGAAVVAAT,42,40,0,2,95.24,0,4.76
1zuv,VGECVRGRCPSGMCCSQWGYCGKGPKYCGR,30,0,4,26,0,13.33,86.67
1zwu,VGECVRGRCPSGMCCSQAGYCGKGPKYCGR,30,6,7,17,20,23.33,56.67
2a2b,ARSYGNGVYCNNKKCWVNRGEATQSIIGGMISGWASGLAGM,41,21,0,20,51.22,0,48.78
2amn,RVKRVWPLVIRTVIAGYNLYRAIKKK,26,17,0,9,65.38,0,34.62
2b5k,RRWCFRVCYRGRFCYRKCR,19,0,4,15,0,21.05,78.95
2b68,GFGCPGNQLKCNNHCKSISCRAGYCDAATLWLRCTCTDCNGKK,43,12,6,25,27.91,13.95,58.14
2dcv,YVSCLFRGARCRVYSGRSCCFGYYCRRDFPGSIFGTCSRRNF,42,0,14,28,0,33.33,66.67
2dcw,YITCLFRGARCRVYSGRSCCFGYYCRRDFPGSIFGTCSRRNF,42,0,14,28,0,33.33,66.67
2dez,YPIKPEAPGEDASPEELNRYYASLRHYLNLVTRQRY,36,21,0,15,58.33,0,41.67
2e3g,ATCDLASKWNWNHTLCAAHCIARRYRGGYCNSKAVCVCRN,40,14,8,18,35,20,45
2eri,CGESCVFIPCISTLLGCSCKNKVCYRNGVIP,31,0,8,23,0,25.81,74.19
2fcg,IGKEFKRIVQRIKDFLRNLVPRTES,25,16,0,9,64,0,36
2fqa,SAISCGETCFKFKCYTPRCSCSYPVCK,27,0,9,18,0,33.33,66.67
2g9l,GILDTLKQFAKGVGKDLVKGAAQGVLSTVSCKLAKTC,37,17,0,20,45.95,0,54.05
2g9p,GLFGKLIKKFGRKAISYAVKKARGKH,26,22,0,4,84.62,0,15.38
2gdl,LVQRGRFGRFLRKIRRFRPKVTITIQGSARF,31,16,0,15,51.61,0,48.39
2gl1,KTCENLANTYRGPCFTTGSCDDHCKNKEHLRSGRCRDDFRCWCTRNC,47,12,15,20,25.53,31.91,42.55
2hfr,KRFWPLVPVAINTVAAGINLYKAIRRK,27,11,0,16,40.74,0,59.26
2i2j,SGSLSTFFRLFNRSFTQALGK,21,17,0,4,80.95,0,19.05
2igr,KWKVFKKIEKKWKVFKKIEKAGPKWKVFKKIEK,33,31,0,2,93.94,0,6.06
2it8,GVCPKILKKCRRDSDCPGACICRGNGYCG,29,5,4,20,17.24,13.79,68.97
2jpy,FLSLIPHAINAVSTLVHHF,19,16,0,3,84.21,0,15.79
2jq0,FLSLIPHAINAVSAIAKHN,19,16,0,3,84.21,0,15.79
2jq1,FLSLIPHAINAVSALANHG,19,13,0,6,68.42,0,31.58
2jr8,GKIPVKAIKQAGKVIGKGLRAINIAGTTHDVVSFFRPKKKKH,42,33,0,9,78.57,0,21.43
2jsb,RWCVYAYVRVRGVLVRYRRCW,21,0,18,3,0,85.71,14.29
2jwm,CGETCTLGTCYTQGCTCSWPICKRNGLPV,29,0,6,23,0,20.69,79.31
2k10,GILSSFKGVAKGVAKDLAGKLLETLKCKITGC,32,28,0,4,87.5,0,12.5
2k1i,RRTCHCRSRCLRRESNSGSCNINGRIFSLCCR,32,0,19,13,0,59.38,40.63
2k38,GFGALFKFLAKKVAKTVAKQAAKQGAKYVVNKQME,35,12,0,23,34.29,0,65.71
2k7g,GVPICGETCTLGTCYTAGCSCSWPVCTRN,29,3,15,11,10.34,51.72,37.93
2k98,GIGKFLKKAKKGIGAVLKVLTTGL,24,22,0,2,91.67,0,8.33
2ket,GRFKRFRKKFKKLFKKLSPVIPLLHL,26,23,0,3,88.46,0,11.54
2kj7,KCNTATCATQRLANFLVRSSNNLGPVLPPTNVGSNTY,37,21,0,16,56.76,0,43.24
2kus,SGPNGQCGPGWGGCRGGLCCSQYGYCGSGPKYCAH,35,6,4,25,17.14,11.43,71.43
2kux,GTPCGESCVYIPCISGVIGCSCTDKVCYLN,30,6,13,11,20,43.33,36.67
2l1q,MTPFWRGVSLRPIGASCRDDSECITRLCRKRRCSLSVAQE,40,4,4,32,10,10,80
2l2r,GSGRGSCRSQCMRRHEDEPWRVQECVSQCRRRRGGGD,37,22,0,15,59.46,0,40.54
2l36,GIGKALKKAKKGIGAVLKVLTTGL,24,22,0,2,91.67,0,8.33
2l3i,GIRCPKSWKCKAFKQRVLKRLLAMLRQHAF,30,17,0,13,56.67,0,43.33
2l5r,GLKEIFKAGLGSLVKGIAAHVAS,23,22,0,1,95.65,0,4.35
2l96,KKLKLAPAKLALLWKALALKLKKA,24,11,0,13,45.83,0,54.17
2l99,KKLKLALAKPALLWKALALKLKKA,24,12,0,12,50,0,50
2l9a,KKLKLALAKLAPLWKALALKLKKA,24,11,0,13,45.83,0,54.17
2la2,RWKIFKKIEKVGRNVRDGIIKAGPAVAVVGQAATVVK,37,34,0,3,91.89,0,8.11
2lam,GLPTCGETCTLGTCYVPDCSCSWPICMKN,29,0,6,23,0,20.69,79.31
2lb7,AQRCGDQARGAKCPNCLCCGKYGFCGSGDAYCGAGSCQSQCRGC,44,11,11,22,25,25,50
2lg4,AACSDRAHGHICESFKSFCKDSGRNGVKLRANCKKTCGLC,40,18,0,22,45,0,55
2lg5,LFCKGGSCHFGGCPSHLIKVGSCFGFRSCCKWPWNA,36,0,11,25,0,30.56,69.44
2lg6,LFCKGGSCHFGGCPSHLIKVGSCFGFRSCCAWPWNA,36,5,17,14,13.89,47.22,38.89
2lj7,KTCENLSDSFKGPCIPDGNCNKHCKEKEHLLSGRCRDDFRCWCTRNC,47,9,15,23,19.15,31.91,48.94
2ljq,KYYGNGVHSTKSGSSVNWGEAFSAGVHRLANGGNGFW,37,24,0,13,64.86,0,35.14
2ljt,KYYGNGVHLTKSGLSVNWGEAFSAGVHRLANGGNGFW,37,26,0,11,70.27,0,29.73
2lld,ATCDLLSGTGVKHSACAAHCLLRGNRGGYCNGRAICVCRN,40,9,6,25,22.5,15,62.5
2lmf,LLGDFFRKSKEKIGKEFKRIVQR,23,21,0,2,91.3,0,8.7
2ln4,VTCDVLSFEAKGIAVNHSACALHCIALRKKGGSCQNGVCVCRN,43,12,10,21,27.91,23.26,48.84
2lr3,RTCESQSHKFKGPCASDHNCASVCQTERFSGGRCRGFRRRCFCTTHC,47,13,15,19,27.66,31.91,40.43
2lr5,GFGCPFNENECHAHCLSIGRKFGFCAGPLRATCTCGKQ,38,12,8,18,31.58,21.05,47.37
2lt8,GFGCPGDAYQCSEHCRALGGGRTGGYCAGPWYLGHPTCTCSF,42,20,0,22,47.62,0,52.38
2lxo,GIINTLQKYYCRVRGAICHPVFCPRRYKQIGTCGLPGTKCCKKP,44,0,0,44,0,0,100
2m6a,ADDRCERMCQRYHDRREKKQCMKGCRYG,28,22,0,6,78.57,0,21.43
2m8v,ADRGWIKTLTKDCPNVISSICAGTIITACKNCA,33,0,0,33,0,0,100
2m9o,GLPVCGETCTLGTCYTQGCTCSWPICKRN,29,0,8,21,0,27.59,72.41
2mbd,GLPRKILCAIAKKKGKCKGPLKLVCKC,27,20,0,7,74.07,0,25.93
2mdl,TCHIRRKPKFRKFKLYHEGKFWCP,24,0,0,24,0,0,100
2mfs,CVLIGQRCDNDRGPRCCSGQGNCVPLPFLGGVCAV,35,0,10,25,0,28.57,71.43
2mhw,GIGGVLLSAGKAALKGLAKVLAEKYAN,27,19,0,8,70.37,0,29.63
2mij,GLGKAQCAALWLQCASGGTIGCGGGAVACQNYRQFCR,37,20,0,17,54.05,0,45.95
2mmj,GLFGVLAKVAGHVVGAIAEHF,21,19,0,2,90.48,0,9.52
2mmm,GGLKKLGKKLEGAGKRVFKASEKALPVVVGIKAIGK,36,34,0,2,94.44,0,5.56
2mn1,GLPVCGETCVGGTCNTPGCTCSWWPVCTRN,30,0,6,24,0,20,80
2mwt,KRFKKFFKKVKKSVKKRLKKIFKKPMVIGVTIPF,34,21,0,13,61.76,0,38.24
2n1e,VKVKVKVKVPPTKVKVKVKV,20,0,16,4,0,80,20
2n4k,KYYGNGVSCNKKGCSVDWGKAIGIIGNNAAANLTTGGKAGWKG,43,15,0,28,34.88,0,65.12
2n92,SWLSKTAKKLENSAKKRISEGIAIAIQGGPR,31,16,0,15,51.61,0,48.39
2nao,DAEFRHDSGYEVHHQKLVFFAEDVGSNKGAIIGLMVGGVVIA,42,0,10,32,0,23.81,76.19
2ncx,GLNALKKVFQGIHEAIKLINNHVQ,24,22,0,2,91.67,0,8.33
2ncy,GLNALKKVFQPIHEAIKLINNHVQ,24,21,0,3,87.5,0,12.5
2nlb,DHYACVSSGGQCLYSACPIFTKIQGTCYRGKAKCCK,36,8,12,16,22.22,33.33,44.44
2nlc,DHYNCVSAGGQCLYSACPIFTKIQGTCYRGKAKCCK,36,8,12,16,22.22,33.33,44.44
2nld,DHYNCVSSGGACLYSACPIFTKIQGTCYRGKAKCCK,36,8,12,16,22.22,33.33,44.44
2nle,DHYNCVSSGGQCAYSACPIFTKIQGTCYRGKAKCCK,36,8,12,16,22.22,33.33,44.44
2nlg,DHYNCVSSGGQCLYSACPIFTEIQGTCYRGKAKCCK,36,8,12,16,22.22,33.33,44.44
2nlh,DHYNCVSSGGQCLYSACPIFTKIAGTCYRGKAKCCK,36,8,12,16,22.22,33.33,44.44
2nlp,DHYNCVSSGGQCLYSACPIFTKIEGTCYRGKAKCCK,36,8,12,16,22.22,33.33,44.44
2nlq,DHYNCVSSGGQCLYSACPIFTKIQGTCYRGAAKCCK,36,8,12,16,22.22,33.33,44.44
2nls,DHYNCVSSGGQCLYSACPIFTKIQGTCYRGEAKCCK,36,9,12,15,25,33.33,41.67
2ny8,ATCDLASGFGVGSSLCAAHCIARRYRGGYCNSKAVCVCRN,40,9,4,27,22.5,10,67.5
2nz3,ATCDLASIFNVNHALCAAHCIARRYRGGYCNSKAVCVCRN,40,11,6,23,27.5,15,57.5
2ojn,FFHHIFRPIVHVGKTIHRLVTG,22,13,0,9,59.09,0,40.91
2ojo,FFHHIFRAIVHVAKTIHRLVTG,22,22,0,0,100,0,0
2oon,YPAKPEAPGEDASAEELSRYYASLRHYLNLVTRQRY,36,16,0,20,44.44,0,55.56
2oop,YPAKPEYPGEDASPEELSRYYASLRHYLNLVTRQRY,36,18,0,18,50,0,50
2pco,SMWSGMWRRKLKKLRNALKKKLKGEK,26,18,0,8,69.23,0,30.77
2pm4,DCYCRIPACIAGEKKYGTCIYQGKLWAFCC,30,0,17,13,0,56.67,43.33
2po8,CPKILKKCRRDSDCPGACICRGNGYCGSGSDGGV,34,8,6,20,23.53,17.65,58.82
2pv6,ELDKWASLWNWFNITNWLWYIK,22,21,0,1,95.45,0,4.55
2v9b,KSCCPNTTGRDIYNTCRLGGGSRERCASLSGCKIISASTCPSDYPK,46,24,4,18,52.17,8.7,39.13
3c8p,KSCCPSTTGRNIYNTCRLTGSSRETCAKLSGCKIISASTCPSNYPK,46,23,2,21,50,4.35,45.65
3e4h,CGETCTLGTCYTAGCSCSWPVCTRNGVPI,29,0,6,23,0,20.69,79.31
3h6c,ACYCRIPACIAGERRYGTCIYAGRLWAFCC,30,0,19,11,0,63.33,36.67
3hj2,CGGACYCRIPACIAGERRYGTCIYQGRLWAFCC,33,0,18,15,0,54.55,45.45
3lvx,ACYCRAPACIAGERRYGTCIYQGRLWAFCC,30,0,18,12,0,60,40
3ngg,KDRPKKPGLCPPRPQKPCVKECKNDDSCPGQQKCCNYGCKDECRDPIFVG,50,5,8,37,10,16,74
3psm,KTCENLADTFRGPCFTDGSCDDHCKNKEHLIKGRCRDDFRCWCTRNC,47,12,15,20,25.53,31.91,42.55
4du0,ACYCRIPACIAGERRYATCIYQGRLWAFCC,30,0,18,12,0,60,40
4lbb,ACYCRIPACIAGERRYGTCAYQGRLWAFCC,30,0,18,12,0,60,40
4lbf,ACYCRIPACIAGERRYGTCAYQGRAWAFCC,30,0,18,12,0,60,40
4ozk,ACQCPDAISGWTHTDYQCHGLENKMYRHVYAICMNGTQVYCRTEWGSSC,49,0,30,19,0,61.22,38.78
4ttn,GLPVCAETCVGGTCNTPGCTCSWPVCTRN,29,0,6,23,0,20.69,79.31
4tto,GLPVCGETCVGGTCNTPGCTCSWPACTRN,29,0,6,23,0,20.69,79.31
5cgo,GIGKFLHAAKKFGKAFVAEIMNS,23,21,0,2,91.3,0,8.7
5gwg,LRVRRTLQCSCRRVCRNTCSCIRLSRSTYAS,31,0,10,21,0,32.26,67.74
5h2s,FIHHIIGGLFSAGKAIHRLIRRRRR,25,19,0,6,76,0,24
5j6t,IFGAIWPLALGALKNLIK,18,18,0,0,100,0,0
5j6v,DIFGAIWPLALGALKNLIK,19,15,0,4,78.95,0,21.05
5khb,MGIIAGIIKVIKSLIEQFTGK,21,14,0,7,66.67,0,33.33
5lcs,QPFIPRPIDTCRLRNGICFPGICRRPYYWIGTCNNGIGSCCARGWRS,47,3,16,28,6.38,34.04,59.57
5lm0,ADDRCYRMCQRYHDRREKKQCKEGCRYG,28,23,0,5,82.14,0,17.86
5lwc,MAGLLRFLLSKGRALYNWAKSHVGKVWEWLKSGATYEQIKEWIENALGWR,50,49,0,1,98,0,2
5m9u,RWCVYAYRRVRGVLVRYRRCW,21,0,18,3,0,85.71,14.29
5nce,RMCKTPSGKFKGYCVNNTNCKNVCRTEGFPTGSCDFHVAGRKCYCYKPCP,50,13,17,20,26,34,40
5ujr,WGWKEVVQNGQTIFSAGQKLGNMVGKIVPLPFG,33,26,0,7,78.79,0,21.21
5ukz,KYYGNGVTCGKHSCSVDWGKATTCIINNGALAWATGGHQGNHKC,44,15,6,23,34.09,13.64,52.27
5v0y,GFCWYVCVYRNGVRVCYRRCN,21,0,14,7,0,66.67,33.33
5v11,GFCWYVCARRNGARVCYRRCN,21,0,16,5,0,76.19,23.81
5wov,GGVCPKILQRCRRDSDCPGACICRGNGYCGSGSD,34,11,0,23,32.35,0,67.65
5wow,GGVCPKILQRCRRDSDCPGACICRGNGYCGYPYDVPDYA,39,0,0,39,0,0,100
5x3l,GLGSVFGRLARILGRVIPKV,20,9,0,11,45,0,55
5xa6,GFGCPFNQGKCHRHCRSIRRRGGYCDGFLKQRCVCYRK,38,11,0,27,28.95,0,71.05
5xok,GSKKPVPIIACNRRTGKCQRA,21,0,8,13,0,38.1,61.9
5xol,GSKKPVPIIYCNAATGKCQRM,21,0,0,21,0,0,100
5y0h,GFAWNVCVYRNGVRVCHRRAN,21,0,13,8,0,61.9,38.1
5y0i,GFCWNVCVYRNGVRVCHRRCN,21,0,18,3,0,85.71,14.29
5y0j,AFCWNVCVYRNAVRVCHRRCN,21,0,16,5,0,76.19,23.81
5z1y,NLCASLRARHTIPQCRKFGRR,21,13,0,8,61.9,0,38.1
5zv6,AGECVRGRCPGGLCCSKFGFCGSGPAYCGG,30,0,6,24,0,20,80
6b55,ARECKTESNTFPGICITKPPCRKACISEKFTDGHCSKILRRCLCTKPC,48,12,14,22,25,29.17,45.83
6b9w,GSACQFWSCNSSCISRGYRQGYCWGIQYKYCQCQ,34,11,4,19,32.35,11.76,55.88
6bam,GSACQFWSCNSSCISRGYRQGKCWGIQYKYCQCQ,34,10,6,18,29.41,17.65,52.94
6bb6,GMACQFWSCNSSCISRGYRQGKCWGIQYKYCQCY,34,13,4,17,38.24,11.76,50
6bi5,GMACQFWSCNSSCISRGYRQGKCWGKYCQCY,31,13,6,12,41.94,19.35,38.71
6c41,VFQFLGKIIHHVGNFVHGFSHVF,23,23,0,0,100,0,0
6cl3,IWLTALKFLGKNLGKLAKQQLAKL,24,24,0,0,100,0,0
6dhr,GLPICGETCLLGKCYTPGCSCRRPVCYKN,29,0,6,23,0,20.69,79.31
6dmm,VCSCRLVFCRRTELRVGNCLIGAVSFTYCCTRV,33,0,21,12,0,63.64,36.36
6dmq,VCSCRLVFCRRTELRVGNCLIGGVSFAYCCTRV,33,0,21,12,0,63.64,36.36
6dmz,RTCQSQSHRFRGPCLRRSNCANVCRTEGFPGGRCRGFRRRCFCTTHC,47,12,15,20,25.53,31.91,42.55
6duu,FLPIIINLKALAALAKKIL,19,17,0,2,89.47,0,10.53
6e3y,ACDTATCVTHRLAGLLSRSGGVVKNNFVPTNVGSKAF,37,14,0,23,37.84,0,62.16
6fs4,TKLTEEEKNRLNFLKKISQRYQKFALPQYLK,31,18,0,13,58.06,0,41.94
6hz2,GIGGKILSGLKTALKGAAKELASTYLH,27,20,0,7,74.07,0,25.93
6k50,GFGCNGPWNEDDLRCHNHCKSIKGYKGGYCAKGGFVCKCY,40,14,6,20,35,15,50
6k51,GFGCNGPWQEDDLKCHNHCKSIKGYKGGYCAKGGFVCKCY,40,11,6,23,27.5,15,57.5
6kra,RRTCRCRFGRCFRRESYSGSCNINGRIFSLCCR,33,0,19,14,0,57.58,42.42
6lwy,ACQCPDAISGWTHTDYQCHGLEKKMYRHVYAICMNGSQVYCRTEWGSSC,49,0,29,20,0,59.18,40.82
6mry,ARQCKAESNTFTGICIAKPPCRQACIREKFTDGHCSKVLRRCLCTKRC,48,12,15,21,25,31.25,43.75
6nom,KTCENLSGTFKGPCIPDGNCNKHCRNNEHLLSGRCRDDFRCWCTNRC,47,9,8,30,19.15,17.02,63.83
6o8j,AGKETIRQYLKNEIKKKGRKAVIAW,25,6,0,19,24,0,76
6o8p,AGKEKIRKKLKNEIKKKGRKAVIAW,25,0,0,25,0,0,100
6o8r,AWKEKIRKKLKNEIKKKGRKAVIAW,25,5,0,20,20,0,80
6o8s,AGKEKIRKKLKNEIKKKWRKAVIAW,25,0,0,25,0,0,100
6o8t,AWKEKIRKKLKNEIKKKWRKAVIAW,25,5,0,20,20,0,80
6r2x,FETLRGDERILSILRHQNLLKELQD,25,16,0,9,64,0,36
6rsf,GWGSFFRRAAHVGRHVGRAALTHYL,25,5,0,20,20,0,80
6rsg,GWGSFFKKAAHAGKHAGKAALTHYL,25,0,0,25,0,0,100
6ry9,GRRKRKWLRRIGKGVKIIGGAALDHL,26,6,0,20,23.08,0,76.92
6ryq,WLRRIGKGVKIIGGAALDHL,20,6,0,14,30,0,70
6rz1,FLGALIKGAIHGGRFIHGMIQNHH,24,0,0,24,0,0,100
6rzc,GWGSIFKHGRHAAKHIGHAAVNHYL,25,0,0,25,0,0,100
6s2d,GKGRWLERIGKAGFIIIGGALDHL,24,6,0,18,25,0,75
6vpn,KTCENLADTYKGPCFTTGSCDDHCKNKEHLRSGRCRDDFRCWCTKNC,47,12,15,20,25.53,31.91,42.55
6wpo,GIGDILKNLAKAAGKAALHAVGESL,25,25,0,0,100,0,0
6wux,NLVSDIIGSKKHMEKLISIIKKCR,24,22,0,2,91.67,0,8.33
7c2p,RTCESQSHKFKGPCLRASNCANVCKTEGFHGGKCRGFRRRCFCTKHC,47,11,17,19,23.4,36.17,40.43
7c31,RVCESQSHKFEGACMGDHNCALVCRNEGFSGGKCKGLRRRCFCTKLC,47,12,17,18,25.53,36.17,38.3
7kpd,AIPCGESCVYIPCISVVIGCSCRNKVCYR,29,5,11,13,17.24,37.93,44.83
